specimen_id	total_reads	mapped_reads	mapping_rate	total_bases	mapped_bases	mean_read_length	estimated_coverage_X
USNM_14399	sequences:	1687554	0	253380552	253380552	258	
USNM_1606826	sequences:	1687554	0	816444871	816444871	517	
USNM_1740336	sequences:	1687554	0	835964905	835964905	450	
USNM_1740363	sequences:	1687554	0	1806427349	1806427349	557	
USNM_42137	sequences:	1687554	0	81899916	81899916	237	
USNM_50368	sequences:	1687554	0	75603529	75603529	242	
USNM_51732	sequences:	1687554	0	437353191	437353191	333	
USNM_51861	sequences:	1687554	0	373493752	373493752	295	
USNM_51892	sequences:	1687554	0	485476690	485476690	288	
